{"cameraMode":{"drawMode":0,"name":"Shaded","section":"Shading Mode"},"sceneLighting":false,"audioPlay":false,"sceneViewState":{"showFog":true,"showMaterialUpdate":false,"showSkybox":false,"showFlares":true,"showImageEffects":true,"showParticleSystems":true},"in2DMode":false,"pivot":{"x":-10.603728294372559,"y":-1.6239891052246094,"z":-15.001096725463868},"rotation":{"x":-0.04135137423872948,"y":0.9556571841239929,"z":-0.16385768353939057,"w":-0.24117062985897065},"size":25.38455581665039,"orthographic":false}