{"cameraMode":{"drawMode":0,"name":"Shaded","section":"Shading Mode"},"sceneLighting":true,"audioPlay":false,"sceneViewState":{"showFog":true,"showMaterialUpdate":false,"showSkybox":true,"showFlares":true,"showImageEffects":true,"showParticleSystems":true},"in2DMode":false,"pivot":{"x":0.27957236766815188,"y":5.648703575134277,"z":-9.389410018920899},"rotation":{"x":-0.1637112945318222,"y":0.2747687101364136,"z":-0.04753651097416878,"w":-0.9462790489196777},"size":13.492998123168946,"orthographic":false}